,orig.ident,nCount_ATAC,nFeature_ATAC,nCount_RNA,nFeature_RNA,donor,batch,SEACell,Majority_Celltype,Majority_Cell_Count,condition,nCount_peaks,nFeature_peaks,nCount_geneActivities,nFeature_geneActivities
c0h_SEACell-1,VM_c0h,164666.0,49213,2200.1938955593873,10656,donor1,Batch1,SEACell-1,Mono-like,80,control,78087.0,40289,153291.0,17124
c0h_SEACell-111,VM_c0h,100225.0,35637,1813.181797611819,20346,donor1,Batch1,SEACell-111,Mono-like,86,control,47364.0,29202,100598.0,16149
c0h_SEACell-135,VM_c0h,38443.0,16933,2760.11793007872,9425,donor1,Batch1,SEACell-135,Mono-like,24,control,18489.0,14603,34741.0,12423
c0h_SEACell-141,VM_c0h,6693.0,3500,2023.9488325504574,8937,donor1,Batch1,SEACell-141,Mono-like,8,control,3127.0,2989,6790.0,4879
c0h_SEACell-70,VM_c0h,212778.0,56400,1997.9266587999684,15772,donor1,Batch1,SEACell-70,Mono-like,126,control,100779.0,45574,202973.0,17599
c0h_SEACell-3,VM_c0h,88394.0,32169,2514.7236456419737,11430,donor1,Batch1,SEACell-3,Mono-like,52,control,42011.0,26738,86074.0,15857
c0h_SEACell-65,VM_c0h,116597.0,39291,2201.4988398075,12178,donor1,Batch1,SEACell-65,Mac-DC-like,52,control,55406.0,32435,112267.0,16546
c0h_SEACell-63,VM_c0h,176925.0,50234,2380.8146188537453,11843,donor1,Batch1,SEACell-63,Mono-like,73,control,84147.0,41123,163939.0,17167
c0h_SEACell-144,VM_c0h,94547.0,33817,2240.99465453496,12651,donor1,Batch1,SEACell-144,Mac-DC-like,44,control,45188.0,28391,86452.0,15847
c0h_SEACell-16,VM_c0h,162187.0,47961,2269.3660723836097,13253,donor1,Batch1,SEACell-16,Mono-like,79,control,76863.0,39117,156703.0,17180
c0h_SEACell-29,VM_c0h,132277.0,42674,1946.9610408698059,14730,donor1,Batch1,SEACell-29,Mono-like,88,control,62954.0,35305,122402.0,16673
c0h_SEACell-113,VM_c0h,78334.0,29779,1840.6058941845529,16462,donor1,Batch1,SEACell-113,Mac-DC-like,47,control,37186.0,24754,73852.0,15287
c0h_SEACell-52,VM_c0h,77584.0,29275,2557.1346360807365,10954,donor1,Batch1,SEACell-52,Mono-like,52,control,37107.0,24699,71833.0,15342
c0h_SEACell-134,VM_c0h,60839.0,24552,2497.8199407154975,11276,donor1,Batch1,SEACell-134,Mono-like,54,control,28953.0,20651,56992.0,14450
c0h_SEACell-86,VM_c0h,162681.0,48028,2094.4478815656084,18487,donor1,Batch1,SEACell-86,Mono-like,95,control,77139.0,39184,157267.0,17180
c0h_SEACell-84,VM_c0h,73258.0,28158,2426.870650929517,10654,donor1,Batch1,SEACell-84,Mono-like,55,control,34865.0,23593,68654.0,15103
c0h_SEACell-67,VM_c0h,47182.0,20066,2096.200161027943,7383,donor1,Batch1,SEACell-67,Mono-like,40,control,22412.0,17043,42069.0,13225
c0h_SEACell-56,VM_c0h,117418.0,39417,2270.6681934748635,10562,donor1,Batch1,SEACell-56,Mac-DC-like,45,control,55647.0,32533,111029.0,16426
c0h_SEACell-34,VM_c0h,185535.0,52310,1811.0684808695062,19761,donor1,Batch1,SEACell-34,Mono-like,156,control,87883.0,42671,174875.0,17340
c0h_SEACell-36,VM_c0h,85848.0,31822,2057.8052511663423,15539,donor1,Batch1,SEACell-36,Mono-like,88,control,40426.0,25980,95220.0,16099
c0h_SEACell-87,VM_c0h,156967.0,47389,2012.2637616462794,13344,donor1,Batch1,SEACell-87,Mac-DC-like,123,control,74241.0,38669,151342.0,17058
c0h_SEACell-92,VM_c0h,151497.0,46357,1966.915398254967,13589,donor1,Batch1,SEACell-92,Mac-DC-like,87,control,71790.0,37902,144427.0,17000
c0h_SEACell-61,VM_c0h,21054.0,10179,1156.1437303280215,15477,donor1,Batch1,SEACell-61,Mono-like,111,control,10072.0,8807,19910.0,9523
c0h_SEACell-24,VM_c0h,78124.0,29474,2406.7204636076654,11202,donor1,Batch1,SEACell-24,Mono-like,55,control,37096.0,24594,75757.0,15328
c0h_SEACell-145,VM_c0h,31885.0,14624,2257.256088876757,10589,donor1,Batch1,SEACell-145,Mac-DC-like,31,control,15111.0,12427,30885.0,11789
c0h_SEACell-81,VM_c0h,142533.0,44044,2153.165090892151,12390,donor1,Batch1,SEACell-81,Mac-DC-like,81,control,67266.0,35953,137721.0,16886
c0h_SEACell-28,VM_c0h,116661.0,39111,2078.4140206683087,12592,donor1,Batch1,SEACell-28,Mac-DC-like,73,control,55328.0,32175,113375.0,16435
c0h_SEACell-108,VM_c0h,75234.0,28816,2258.7389662842165,11320,donor1,Batch1,SEACell-108,Mono-like,51,control,35762.0,24011,74909.0,15421
c0h_SEACell-71,VM_c0h,47940.0,20670,2030.060139435973,13117,donor1,Batch1,SEACell-71,Mac-DC-like,50,control,22388.0,17053,53533.0,14096
c0h_SEACell-11,VM_c0h,119449.0,39552,2225.741671926304,11383,donor1,Batch1,SEACell-11,Mac-DC-like,63,control,56976.0,32918,111361.0,16477
c0h_SEACell-109,VM_c0h,69239.0,27104,2193.3176901488605,10388,donor1,Batch1,SEACell-109,Mac-DC-like,35,control,32728.0,22613,66522.0,15004
c0h_SEACell-48,VM_c0h,85032.0,31024,2310.835769220269,11413,donor1,Batch1,SEACell-48,Mono-like,60,control,40480.0,25846,82550.0,15717
c0h_SEACell-79,VM_c0h,53673.0,22170,2207.719448414524,10127,donor1,Batch1,SEACell-79,Mac-DC-like,23,control,25372.0,18711,50863.0,13939
c0h_SEACell-45,VM_c0h,31659.0,14632,2091.1192310565657,14965,donor1,Batch1,SEACell-45,Mono-like,82,control,15057.0,12490,32010.0,11981
c0h_SEACell-93,VM_c0h,80508.0,30325,2294.941266836697,11083,donor1,Batch1,SEACell-93,Mono-like,45,control,38180.0,25243,77464.0,15554
c0h_SEACell-106,VM_c0h,141670.0,44290,2092.7546800730474,14320,donor1,Batch1,SEACell-106,Mac-DC-like,95,control,66955.0,36124,138487.0,16946
c0h_SEACell-22,VM_c0h,224350.0,58059,2048.0858587867483,10505,donor1,Batch1,SEACell-22,Mac-DC-like,88,control,106427.0,47184,208107.0,17548
c0h_SEACell-30,VM_c0h,101349.0,35419,2328.4454808177748,12921,donor1,Batch1,SEACell-30,Mono-like,75,control,48215.0,29281,100030.0,16231
c0h_SEACell-41,VM_c0h,48781.0,20538,2394.5299334053666,9788,donor1,Batch1,SEACell-41,Mono-like,33,control,23211.0,17453,46743.0,13688
c0h_SEACell-95,VM_c0h,111546.0,37958,2198.068400066696,12256,donor1,Batch1,SEACell-95,Mono-like,66,control,52810.0,31006,112800.0,16553
c0h_SEACell-37,VM_c0h,105808.0,36522,2148.384030839576,13217,donor1,Batch1,SEACell-37,Mono-like,61,control,50034.0,30015,107463.0,16347
c0h_SEACell-118,VM_c0h,85337.0,31669,2104.0742912261117,9988,donor1,Batch1,SEACell-118,Mac-DC-like,51,control,40546.0,26284,80505.0,15553
c0h_SEACell-68,VM_c0h,145389.0,44892,1908.7622736736153,11234,donor1,Batch1,SEACell-68,Mac-DC-like,96,control,68841.0,36835,136994.0,16970
c0h_SEACell-89,VM_c0h,65903.0,26156,1788.696776805794,9660,donor1,Batch1,SEACell-89,Mac-DC-like,57,control,31139.0,21822,64012.0,14907
c0h_SEACell-35,VM_c0h,132248.0,42876,1916.3510856585408,12798,donor1,Batch1,SEACell-35,Mac-DC-like,107,control,62079.0,34784,132064.0,16790
c0h_SEACell-59,VM_c0h,42331.0,18743,2024.8638353812576,10412,donor1,Batch1,SEACell-59,Mac-DC-like,26,control,19743.0,15487,43041.0,13177
c0h_SEACell-107,VM_c0h,20390.0,9834,2207.6623356034843,8598,donor1,Batch1,SEACell-107,Mono-like,15,control,9753.0,8484,19729.0,9679
c0h_SEACell-90,VM_c0h,121989.0,40702,2102.6874687489344,13908,donor1,Batch1,SEACell-90,Mono-like,82,control,57414.0,33033,130332.0,16835
c0h_SEACell-75,VM_c0h,80835.0,30521,2082.504374086557,11110,donor1,Batch1,SEACell-75,Mac-DC-like,53,control,38000.0,25245,80900.0,15557
c0h_SEACell-9,VM_c0h,87855.0,32506,2014.3362229144093,11568,donor1,Batch1,SEACell-9,Mac-DC-like,57,control,41260.0,26591,91017.0,15952
c0h_SEACell-46,VM_c0h,99732.0,35333,1971.6002361922394,9741,donor1,Batch1,SEACell-46,Mac-DC-like,74,control,46957.0,28937,95735.0,16064
c0h_SEACell-85,VM_c0h,29809.0,13963,2080.8126075032055,10825,donor1,Batch1,SEACell-85,Mac-DC-like,25,control,13908.0,11636,32992.0,11894
c0h_SEACell-47,VM_c0h,62685.0,25256,1769.0638606180025,17957,donor1,Batch1,SEACell-47,Mono-like,42,control,29797.0,21238,60297.0,14590
c0h_SEACell-101,VM_c0h,158316.0,48065,1994.0566561335484,12848,donor1,Batch1,SEACell-101,Mac-DC-like,122,control,74605.0,38816,156897.0,17132
c0h_SEACell-129,VM_c0h,90787.0,33100,1997.2279603491743,12294,donor1,Batch1,SEACell-129,Mac-DC-like,72,control,42835.0,27258,95485.0,16085
c0h_SEACell-102,VM_c0h,181952.0,52397,1791.7584520415887,10763,donor1,Batch1,SEACell-102,Mac-DC-like,110,control,85710.0,42214,184996.0,17473
c0h_SEACell-105,VM_c0h,65129.0,26181,1510.5733106276489,11098,donor1,Batch1,SEACell-105,Mac-DC-like,52,control,30668.0,21717,63839.0,14753
c0h_SEACell-147,VM_c0h,76068.0,29436,2019.7257743302812,9405,donor1,Batch1,SEACell-147,Mac-DC-like,45,control,35981.0,24549,73011.0,15304
c0h_SEACell-74,VM_c0h,43236.0,19067,2017.2379290581434,11818,donor1,Batch1,SEACell-74,Mac-DC-like,44,control,20232.0,15901,45143.0,13419
c0h_SEACell-125,VM_c0h,63586.0,25634,2022.1974517949693,9824,donor1,Batch1,SEACell-125,Mac-DC-like,49,control,29941.0,21272,62268.0,14710
c0h_SEACell-18,VM_c0h,65626.0,26533,1493.201189346381,15905,donor1,Batch1,SEACell-18,Mac-DC-like,99,control,30770.0,21735,74168.0,15301
c0h_SEACell-58,VM_c0h,35208.0,16083,2042.6356453504177,17151,donor1,Batch1,SEACell-58,Mono-like,116,control,16441.0,13343,39514.0,12822
c0h_SEACell-51,VM_c0h,45242.0,19702,2100.9729239588055,9267,donor1,Batch1,SEACell-51,Mac-DC-like,28,control,21396.0,16564,46190.0,13623
c0h_SEACell-57,VM_c0h,75167.0,29228,1991.9920110932344,15972,donor1,Batch1,SEACell-57,Mac-DC-like,46,control,35234.0,23904,81150.0,15571
c0h_SEACell-53,VM_c0h,45930.0,19993,2054.0485338012186,11682,donor1,Batch1,SEACell-53,Mac-DC-like,43,control,21464.0,16563,50566.0,13786
c0h_SEACell-4,VM_c0h,64184.0,26063,1987.6370441003796,12458,donor1,Batch1,SEACell-4,Mac-DC-like,63,control,30176.0,21553,67793.0,15028
c0h_SEACell-143,VM_c0h,18402.0,9172,2065.42712129086,7239,donor1,Batch1,SEACell-143,Mac-DC-like,9,control,8547.0,7611,19266.0,9345
c0h_SEACell-0,VM_c0h,41985.0,18562,2003.2578076735615,12014,donor1,Batch1,SEACell-0,Mac-DC-like,53,control,19655.0,15447,46803.0,13531
c0h_SEACell-12,VM_c0h,18361.0,9075,2036.0377839263645,12196,donor1,Batch1,SEACell-12,Mono-like,45,control,8644.0,7678,21507.0,9935
c0h_SEACell-6,VM_c0h,81940.0,31080,1765.8866508362391,7481,donor1,Batch1,SEACell-6,Mac-DC-like,48,control,38606.0,25689,78551.0,15596
c0h_SEACell-73,VM_c0h,37536.0,16753,1832.710579345662,8275,donor1,Batch1,SEACell-73,Mac-DC-like,23,control,17787.0,14240,35674.0,12472
c0h_SEACell-60,VM_c0h,88233.0,32892,1969.3288063994264,13075,donor1,Batch1,SEACell-60,Mac-DC-like,73,control,41458.0,26858,96663.0,16034
c0h_SEACell-54,VM_c0h,3897.0,2068,2080.9338506803624,10964,donor1,Batch1,SEACell-54,Mono-like,29,control,1798.0,1747,3987.0,3227
c0h_SEACell-31,VM_c0h,4332.0,2336,2076.0735214854144,15637,donor1,Batch1,SEACell-31,Mono-like,86,control,2013.0,1949,5018.0,3794
c0h_SEACell-13,VM_c0h,46686.0,20375,1946.887391891737,11908,donor1,Batch1,SEACell-13,Mac-DC-like,43,control,22010.0,16959,51444.0,13919
c0h_SEACell-77,VM_c0h,45003.0,19805,1929.026772745201,12203,donor1,Batch1,SEACell-77,Mac-DC-like,68,control,21145.0,16489,50229.0,13813
c0h_SEACell-98,VM_c0h,115468.0,39511,1884.505242677997,15280,donor1,Batch1,SEACell-98,Mac-DC-like,125,control,54327.0,32167,122279.0,16624
c0h_SEACell-115,VM_c0h,14320.0,7383,1924.5676383641116,12929,donor1,Batch1,SEACell-115,Mono-like,44,control,6533.0,5993,18258.0,8869
c0h_SEACell-8,VM_c0h,117227.0,39079,1591.7757110625541,6865,donor1,Batch1,SEACell-8,Mono-like,46,control,55528.0,32279,109703.0,16370
c0h_SEACell-42,VM_c0h,20844.0,10153,2015.296573538323,12121,donor1,Batch1,SEACell-42,Mono-like,44,control,9693.0,8472,22989.0,10270
c0h_SEACell-110,VM_c0h,100860.0,35786,1665.689807492759,7494,donor1,Batch1,SEACell-110,Mac-DC-like,66,control,47836.0,29677,95813.0,16107
c0h_SEACell-21,VM_c0h,88715.0,32808,1706.4547692711415,10400,donor1,Batch1,SEACell-21,Mac-DC-like,89,control,41738.0,26965,89536.0,15884
c0h_SEACell-32,VM_c0h,1650.0,896,1897.7596687123507,12492,donor1,Batch1,SEACell-32,Mono-like,44,control,741.0,730,1971.0,1705
c0h_SEACell-146,VM_c0h,15012.0,7607,1987.4313605554723,7261,donor1,Batch1,SEACell-146,Mac-DC-like,13,control,7049.0,6392,17614.0,8756
c0h_SEACell-120,VM_c0h,76336.0,29243,1452.7894032156082,6821,donor1,Batch1,SEACell-120,Mono-like,34,control,36070.0,24279,73888.0,15321
c0h_SEACell-66,VM_c0h,23286.0,11136,1723.5526521905438,6283,donor1,Batch1,SEACell-66,Mac-DC-like,17,control,11008.0,9500,23099.0,10345
c0h_SEACell-7,VM_c0h,18022.0,8889,1029.288640385135,7941,donor1,Batch1,SEACell-7,Mac-DC-like,36,control,8418.0,7444,20543.0,9587
c0h_SEACell-20,VM_c0h,92921.0,33609,1595.090817947896,9251,donor1,Batch1,SEACell-20,Mac-DC-like,90,control,43760.0,27582,94817.0,16043
c0h_SEACell-40,VM_c0h,1882.0,1031,1940.1455363025848,12763,donor1,Batch1,SEACell-40,Mono-like,67,control,886.0,871,2771.0,2269
c0h_SEACell-103,VM_c0h,81834.0,30977,1536.6271023426013,6833,donor1,Batch1,SEACell-103,Mac-DC-like,52,control,38710.0,25735,80609.0,15664
c0h_SEACell-17,VM_c0h,74982.0,29469,1697.1820804661627,14756,donor1,Batch1,SEACell-17,Mac-DC-like,114,control,35034.0,24063,86117.0,15692
c0h_SEACell-133,VM_c0h,38344.0,17204,1403.7503273669124,8116,donor1,Batch1,SEACell-133,Mac-DC-like,51,control,17986.0,14374,39179.0,12788
c0h_SEACell-62,VM_c0h,63051.0,25441,1501.9549273401185,8538,donor1,Batch1,SEACell-62,Mac-DC-like,50,control,29766.0,21209,64188.0,14799
c0h_SEACell-64,VM_c0h,8080.0,4252,1652.2937815720434,9970,donor1,Batch1,SEACell-64,Mono-like,22,control,3813.0,3612,10226.0,6347
c0h_SEACell-117,VM_c0h,2179.0,1199,1694.0336871046854,12269,donor1,Batch1,SEACell-117,Mono-like,70,control,1005.0,992,2857.0,2331
c0h_SEACell-49,VM_c0h,6702.0,3573,1813.3652914402126,15232,donor1,Batch1,SEACell-49,Mono-like,83,control,3172.0,3016,9401.0,5885
c0h_SEACell-33,VM_c0h,59581.0,24395,1445.9249374176384,10497,donor1,Batch1,SEACell-33,Mac-DC-like,46,control,28150.0,20332,59240.0,14571
c0h_SEACell-43,VM_c0h,13092.0,6729,1527.0154780926755,15023,donor1,Batch1,SEACell-43,Mac-DC-like,43,control,6009.0,5519,16274.0,8475
c0h_SEACell-104,VM_c0h,5315.0,2869,1210.6079474457367,8629,donor1,Batch1,SEACell-104,Mono-like,30,control,2474.0,2381,8045.0,5260
c0h_SEACell-96,VM_c0h,3831.0,2082,1546.678392260069,13665,donor1,Batch1,SEACell-96,Mono-like,46,control,1778.0,1734,5441.0,3980
c0h_SEACell-126,VM_c0h,11945.0,6143,1648.2172206058656,10769,donor1,Batch1,SEACell-126,Mono-like,37,control,5560.0,5123,14965.0,7961
c0h_SEACell-127,VM_c0h,30704.0,14132,1196.5469973201734,3795,donor1,Batch1,SEACell-127,Mono-like,17,control,14567.0,12114,29520.0,11476
c0h_SEACell-44,VM_c0h,67404.0,27022,1087.4792628888042,5698,donor1,Batch1,SEACell-44,Mac-DC-like,45,control,31633.0,22294,71124.0,15192
c0h_SEACell-72,VM_c0h,61871.0,25192,1219.6022481838475,9906,donor1,Batch1,SEACell-72,Mac-DC-like,48,control,29110.0,20848,61815.0,14672
c0h_SEACell-112,VM_c0h,23883.0,11603,1177.830461511136,8383,donor1,Batch1,SEACell-112,Mac-DC-like,49,control,11221.0,9671,29066.0,11311
c0h_SEACell-132,VM_c0h,13160.0,6715,1007.7609582821807,6612,donor1,Batch1,SEACell-132,Mac-DC-like,50,control,6222.0,5704,14809.0,8041
c0h_SEACell-136,VM_c0h,272.0,149,1051.0471772380972,8212,donor1,Batch1,SEACell-136,Mono-like,24,control,127.0,126,656.0,624
c0h_SEACell-27,VM_c0h,29477.0,13811,1038.138946342397,6930,donor1,Batch1,SEACell-27,Mac-DC-like,60,control,13879.0,11649,31871.0,11772
c0h_SEACell-69,VM_c0h,12606.0,6484,989.2589593625062,6264,donor1,Batch1,SEACell-69,Mac-DC-like,28,control,5887.0,5412,15627.0,8211
c0h_SEACell-80,VM_c0h,5417.0,2899,892.6892650895404,9751,donor1,Batch1,SEACell-80,Mono-like,28,control,2508.0,2409,6776.0,4753
c0h_SEACell-5,VM_c0h,5549.0,2952,986.4049918024039,6444,donor1,Batch1,SEACell-5,Mac-DC-like,23,control,2628.0,2499,7630.0,5006
c0h_SEACell-26,VM_c0h,417.0,236,829.5513147555515,9102,donor1,Batch1,SEACell-26,Mono-like,55,control,200.0,195,867.0,785
c0h_SEACell-119,VM_c0h,1067.0,569,921.5063338427133,13883,donor1,Batch1,SEACell-119,Mono-like,103,control,520.0,511,1407.0,1256
gm16h_b1_SEACell-33,VM_gm16h,220806.0,49453,2170.637985899008,8113,donor1,batch1,SEACell-33,MacDC-like,29,gm_16h,107666.0,41824,140956.0,16008
gm16h_b1_SEACell-4,VM_gm16h,325837.0,60467,2796.4350259581847,12023,donor1,batch1,SEACell-4,MacDC-like,53,gm_16h,160386.0,51949,211075.0,16856
gm16h_b1_SEACell-23,VM_gm16h,325952.0,61267,2700.444427665063,11226,donor1,batch1,SEACell-23,MacDC-like,53,gm_16h,159171.0,51756,210202.0,16889
gm16h_b1_SEACell-34,VM_gm16h,284076.0,56571,2825.2033200202877,12383,donor1,batch1,SEACell-34,MacDC-like,42,gm_16h,139772.0,48732,180509.0,16559
gm16h_b1_SEACell-24,VM_gm16h,226525.0,48883,2717.307312712007,11708,donor1,batch1,SEACell-24,MoMac-like,41,gm_16h,111921.0,42643,144501.0,16110
gm16h_b1_SEACell-0,VM_gm16h,623410.0,81521,2769.3101291394582,13841,donor1,batch1,SEACell-0,MacDC-like,121,gm_16h,306621.0,68772,422682.0,17823
gm16h_b1_SEACell-1,VM_gm16h,139706.0,36474,2650.1884697778373,11676,donor1,batch1,SEACell-1,MoMac-like,32,gm_16h,69065.0,32143,92555.0,15293
gm16h_b1_SEACell-28,VM_gm16h,497545.0,74452,2772.1862982876232,13987,donor1,batch1,SEACell-28,MacDC-like,98,gm_16h,244464.0,63470,329325.0,17475
gm16h_b1_SEACell-26,VM_gm16h,1101352.0,101640,2753.7723059242535,14440,donor1,batch1,SEACell-26,MacDC-like,137,gm_16h,540297.0,84690,758714.0,18303
gm16h_b1_SEACell-31,VM_gm16h,261919.0,53729,2796.4405916963515,13165,donor1,batch1,SEACell-31,MacDC-like,71,gm_16h,129281.0,46903,172063.0,16624
gm16h_b1_SEACell-14,VM_gm16h,369785.0,64833,2325.7536229204734,11890,donor1,batch1,SEACell-14,MacDC-like,75,gm_16h,180703.0,54423,256890.0,17268
gm16h_b1_SEACell-17,VM_gm16h,115777.0,32796,2613.344423822989,10902,donor1,batch1,SEACell-17,MoMac-like,19,gm_16h,57149.0,28929,75108.0,14688
gm16h_b1_SEACell-20,VM_gm16h,541508.0,78724,2753.26924589393,12119,donor1,batch1,SEACell-20,MacDC-like,59,gm_16h,264762.0,65388,377234.0,17702
gm16h_b1_SEACell-5,VM_gm16h,240798.0,50480,2726.0523525982558,11989,donor1,batch1,SEACell-5,MacDC-like,45,gm_16h,118842.0,43942,156532.0,16357
gm16h_b1_SEACell-9,VM_gm16h,182191.0,45443,2462.3391454634566,11783,donor1,batch1,SEACell-9,MacDC-like,65,gm_16h,89399.0,39698,122198.0,16016
gm16h_b1_SEACell-16,VM_gm16h,399052.0,65913,2806.7584163456404,13052,donor1,batch1,SEACell-16,MacDC-like,77,gm_16h,197099.0,56589,262097.0,17167
gm16h_b1_SEACell-7,VM_gm16h,311083.0,60079,2784.1011238965616,11968,donor1,batch1,SEACell-7,MacDC-like,61,gm_16h,152503.0,51071,204835.0,16809
gm16h_b1_SEACell-32,VM_gm16h,121957.0,35364,2703.916052705417,10122,donor1,batch1,SEACell-32,MacDC-like,21,gm_16h,59744.0,30835,80209.0,14849
gm16h_b1_SEACell-22,VM_gm16h,227705.0,50415,2609.8572348769676,11955,donor1,batch1,SEACell-22,MacDC-like,66,gm_16h,112342.0,44060,149511.0,16286
gm16h_b1_SEACell-12,VM_gm16h,137583.0,38208,2568.169907436983,11744,donor1,batch1,SEACell-12,MacDC-like,45,gm_16h,67688.0,33672,88447.0,15198
gm16h_b1_SEACell-27,VM_gm16h,449365.0,71978,2865.210785530023,12091,donor1,batch1,SEACell-27,MacDC-like,62,gm_16h,219988.0,60431,302348.0,17389
gm16h_b1_SEACell-18,VM_gm16h,440095.0,71332,2332.059929351878,13147,donor1,batch1,SEACell-18,MacDC-like,90,gm_16h,214973.0,59709,315956.0,17583
gm16h_b1_SEACell-10,VM_gm16h,297498.0,59725,2612.03697149028,12644,donor1,batch1,SEACell-10,MacDC-like,68,gm_16h,145845.0,50810,206607.0,16779
gm16h_b1_SEACell-3,VM_gm16h,876858.0,95958,2230.223695277941,13329,donor1,batch1,SEACell-3,MacDC-like,125,gm_16h,429376.0,79682,641258.0,18315
gm16h_b1_SEACell-36,VM_gm16h,188011.0,46323,2775.3010127555467,11215,donor1,batch1,SEACell-36,MacDC-like,36,gm_16h,92477.0,39865,129465.0,16106
gm16h_b1_SEACell-11,VM_gm16h,484522.0,74065,2426.609074326912,12626,donor1,batch1,SEACell-11,MacDC-like,90,gm_16h,237790.0,62697,323303.0,17502
gm16h_b1_SEACell-13,VM_gm16h,240481.0,53119,2832.425041583059,10737,donor1,batch1,SEACell-13,MacDC-like,21,gm_16h,117934.0,45308,162071.0,16451
gm16h_b1_SEACell-19,VM_gm16h,308359.0,60982,1574.6819149926457,6370,donor1,batch1,SEACell-19,MacDC-like,40,gm_16h,150087.0,50918,224967.0,17155
gm16h_b1_SEACell-35,VM_gm16h,156594.0,41569,2051.4887054604465,9585,donor1,batch1,SEACell-35,MacDC-like,39,gm_16h,76428.0,35906,105767.0,15686
gm16h_b1_SEACell-2,VM_gm16h,97315.0,30131,1983.5299332834334,9964,donor1,batch1,SEACell-2,MacDC-like,43,gm_16h,47781.0,26511,63706.0,14164
gm16h_b1_SEACell-29,VM_gm16h,516214.0,77044,1482.8366211186801,8819,donor1,batch1,SEACell-29,MacDC-like,84,gm_16h,253010.0,64086,376672.0,17762
gm16h_b1_SEACell-15,VM_gm16h,186303.0,46112,1173.0313257685068,5239,donor1,batch1,SEACell-15,MacDC-like,29,gm_16h,90937.0,39157,130795.0,16218
gm16h_b1_SEACell-6,VM_gm16h,155221.0,41672,1599.4816674710187,8921,donor1,batch1,SEACell-6,MacDC-like,51,gm_16h,76323.0,35678,104654.0,15599
gm16h_b1_SEACell-25,VM_gm16h,75657.0,25242,1659.9394022827519,6444,donor1,batch1,SEACell-25,MacDC-like,28,gm_16h,37416.0,22812,47529.0,13069
gm16h_b1_SEACell-8,VM_gm16h,213470.0,50912,953.5966843419716,3473,donor1,batch1,SEACell-8,MacDC-like,29,gm_16h,103733.0,42651,163222.0,16719
gm16h_b1_SEACell-30,VM_gm16h,41644.0,16414,1115.682431940181,5450,donor1,batch1,SEACell-30,MacDC-like,37,gm_16h,20476.0,14853,26916.0,10799
gm16h_b1_SEACell-21,VM_gm16h,172868.0,43803,880.8911046401118,7932,donor1,batch1,SEACell-21,MacDC-like,44,gm_16h,84166.0,37247,121220.0,16002
gm16h_b2_SEACell-17,SK_gm16h,637747.0,89786,1940.4676002197518,14329,donor4,batch2,SEACell-17,MacDC-like,206,gm_16h,304239.0,71122,474780.0,18141
gm16h_b2_SEACell-1,SK_gm16h,338474.0,67368,2293.235302667784,13718,donor4,batch2,SEACell-1,MoMac-like,69,gm_16h,162839.0,54440,234155.0,17237
gm16h_b2_SEACell-3,SK_gm16h,158387.0,45804,2254.3823286022275,10837,donor4,batch2,SEACell-3,MacDC-like,53,gm_16h,75968.0,37684,107818.0,15903
gm16h_b2_SEACell-7,SK_gm16h,15346.0,7375,2242.5186354489797,8581,donor4,batch2,SEACell-7,Mono-like,10,gm_16h,7368.0,6342,12839.0,7702
gm16h_b2_SEACell-15,SK_gm16h,140342.0,41648,2251.981735998818,11151,donor4,batch2,SEACell-15,MoMac-like,36,gm_16h,66778.0,33615,106398.0,16111
gm16h_b2_SEACell-10,SK_gm16h,50664.0,20443,2178.8574728252597,8119,donor4,batch2,SEACell-10,MoMac-like,23,gm_16h,24059.0,17097,35431.0,12050
gm16h_b2_SEACell-16,SK_gm16h,230835.0,55634,2099.1722453157695,13011,donor4,batch2,SEACell-16,MoMac-like,51,gm_16h,110442.0,44686,170348.0,16995
gm16h_b2_SEACell-11,SK_gm16h,159620.0,45208,2024.155330510668,12179,donor4,batch2,SEACell-11,MoMac-like,49,gm_16h,76320.0,36601,118831.0,16340
gm16h_b2_SEACell-5,SK_gm16h,93351.0,32072,1751.1657313736553,9612,donor4,batch2,SEACell-5,MoMac-like,30,gm_16h,44513.0,26259,68418.0,14840
gm16h_b2_SEACell-9,SK_gm16h,197500.0,51171,1879.2523933696027,12899,donor4,batch2,SEACell-9,MoMac-like,47,gm_16h,94089.0,41079,149781.0,16757
gm16h_b2_SEACell-0,SK_gm16h,112768.0,36123,1978.8039358540016,10308,donor4,batch2,SEACell-0,MoMac-like,42,gm_16h,53580.0,29343,84351.0,15446
gm16h_b2_SEACell-6,SK_gm16h,148596.0,43284,1861.04321961402,11521,donor4,batch2,SEACell-6,MacDC-like,43,gm_16h,70893.0,35272,110881.0,16194
gm16h_b2_SEACell-4,SK_gm16h,287467.0,62568,1680.166235251949,13401,donor4,batch2,SEACell-4,MacDC-like,80,gm_16h,136217.0,48893,233095.0,17460
gm16h_b2_SEACell-8,SK_gm16h,127740.0,39355,1316.6360119723279,10153,donor4,batch2,SEACell-8,MacDC-like,47,gm_16h,60956.0,32094,95706.0,15840
gm16h_b2_SEACell-13,SK_gm16h,179445.0,48399,1824.024552268239,11766,donor4,batch2,SEACell-13,MacDC-like,37,gm_16h,85831.0,39240,130894.0,16393
gm16h_b2_SEACell-12,SK_gm16h,229155.0,55676,1712.6098894420666,12988,donor4,batch2,SEACell-12,MacDC-like,75,gm_16h,109059.0,44628,176477.0,17117
gm16h_b2_SEACell-14,SK_gm16h,115853.0,36472,1703.4791963410885,9875,donor4,batch2,SEACell-14,MoMac-like,30,gm_16h,55556.0,30034,84471.0,15447
gm16h_b2_SEACell-18,SK_gm16h,34172.0,13171,1186.5366226962674,5087,donor4,batch2,SEACell-18,Mono-like,21,gm_16h,15921.0,10578,30577.0,11703
gm16h_b2_SEACell-2,SK_gm16h,2817.0,1503,1031.6314813329718,9161,donor4,batch2,SEACell-2,Mono-like,60,gm_16h,1293.0,1207,3153.0,2566
gm65h_SEACell-22,VM_gm65h,700772.0,91900,3594.124495349769,17224,donor3,batch1,SEACell-22,MacDC-like,44,gm_65h,347602.0,78125,444576.0,17707
gm65h_SEACell-25,VM_gm65h,364965.0,68451,2920.2609504496813,12910,donor3,batch1,SEACell-25,MacDC-like,34,gm_65h,181211.0,58653,221781.0,16810
gm65h_SEACell-4,VM_gm65h,14459.0,6693,3714.9290060498624,14057,donor3,batch1,SEACell-4,MacDC-like,12,gm_65h,7223.0,6294,8821.0,5664
gm65h_SEACell-5,VM_gm65h,289599.0,63365,3659.908428443569,16072,donor3,batch1,SEACell-5,MacDC-like,19,gm_65h,144067.0,54925,189872.0,16736
gm65h_SEACell-11,VM_gm65h,700014.0,92211,3684.7202514791898,16379,donor3,batch1,SEACell-11,MacDC-like,38,gm_65h,347382.0,78196,444087.0,17763
gm65h_SEACell-7,VM_gm65h,123442.0,36799,3713.5715178656856,14362,donor3,batch1,SEACell-7,MacDC-like,36,gm_65h,61338.0,32605,78411.0,14718
gm65h_SEACell-19,VM_gm65h,835673.0,94307,3627.8377352694174,19893,donor3,batch1,SEACell-19,MacDC-like,54,gm_65h,419093.0,80606,553372.0,18022
gm65h_SEACell-10,VM_gm65h,639253.0,86917,3527.539224303382,18040,donor3,batch1,SEACell-10,MoMac-like,37,gm_65h,321111.0,74232,436889.0,17853
gm65h_SEACell-21,VM_gm65h,1435381.0,112165,3798.193486297127,19032,donor3,batch1,SEACell-21,Mono-like,96,gm_65h,719813.0,96838,870868.0,18232
gm65h_SEACell-0,VM_gm65h,3171071.0,131807,3388.856370167866,21775,donor3,batch1,SEACell-0,MoMac-like,169,gm_65h,1587414.0,114047,2048683.0,18849
gm65h_SEACell-27,VM_gm65h,472696.0,80196,3760.9376294226627,17034,donor3,batch1,SEACell-27,MoMac-like,43,gm_65h,233558.0,67754,341734.0,17722
gm65h_SEACell-12,VM_gm65h,390820.0,70026,3602.9856703774144,14125,donor3,batch1,SEACell-12,Mono-like,26,gm_65h,195723.0,60443,232774.0,16884
gm65h_SEACell-23,VM_gm65h,594821.0,86391,3508.824813821032,17988,donor3,batch1,SEACell-23,MacDC-like,24,gm_65h,295883.0,74047,393346.0,17691
gm65h_SEACell-13,VM_gm65h,1028359.0,103319,3736.195883104541,18905,donor3,batch1,SEACell-13,MoMac-like,56,gm_65h,513284.0,88180,642416.0,18033
gm65h_SEACell-6,VM_gm65h,1069754.0,102284,3790.310446288383,17903,donor3,batch1,SEACell-6,MoMac-like,83,gm_65h,534986.0,87341,672572.0,18128
gm65h_SEACell-9,VM_gm65h,1442459.0,110272,3758.4701344158166,19104,donor3,batch1,SEACell-9,MoMac-like,133,gm_65h,724686.0,94760,883705.0,18248
gm65h_SEACell-24,VM_gm65h,197280.0,50282,2586.9256677080175,13313,donor3,batch1,SEACell-24,MoMac-like,15,gm_65h,98476.0,43864,121970.0,15840
gm65h_SEACell-26,VM_gm65h,314472.0,63923,3747.146128562032,14856,donor3,batch1,SEACell-26,Mono-like,29,gm_65h,157111.0,55357,194772.0,16649
gm65h_SEACell-1,VM_gm65h,242436.0,55559,3419.446175451942,14204,donor3,batch1,SEACell-1,MacDC-like,15,gm_65h,121176.0,48377,166007.0,16544
gm65h_SEACell-16,VM_gm65h,1241254.0,105682,3827.737516812409,17951,donor3,batch1,SEACell-16,MoMac-like,109,gm_65h,624801.0,91134,748678.0,18094
gm65h_SEACell-20,VM_gm65h,649995.0,84044,3760.9897860436295,16894,donor3,batch1,SEACell-20,MoMac-like,53,gm_65h,327421.0,72357,389831.0,17463
gm65h_SEACell-2,VM_gm65h,386006.0,66601,3736.7749175223244,14787,donor3,batch1,SEACell-2,MoMac-like,37,gm_65h,194199.0,57717,233708.0,16750
gm65h_SEACell-8,VM_gm65h,1358009.0,108231,3538.8085548306835,19430,donor3,batch1,SEACell-8,MacDC-like,110,gm_65h,680853.0,91900,882993.0,18345
gm65h_SEACell-28,VM_gm65h,342330.0,66648,3536.5042260657206,15053,donor3,batch1,SEACell-28,Mono-like,15,gm_65h,171563.0,57674,213555.0,16839
gm65h_SEACell-3,VM_gm65h,480301.0,78516,3243.3025622085547,15333,donor3,batch1,SEACell-3,MoMac-like,18,gm_65h,239097.0,66984,319049.0,17398
gm65h_SEACell-14,VM_gm65h,851560.0,92729,3585.1618712018812,18768,donor3,batch1,SEACell-14,MoMac-like,69,gm_65h,428116.0,79400,536813.0,17889
gm65h_SEACell-15,VM_gm65h,393130.0,70270,2963.5248200035494,13886,donor3,batch1,SEACell-15,Mono-like,18,gm_65h,196263.0,60021,264108.0,17270
gm65h_SEACell-18,VM_gm65h,464054.0,75572,2669.3244485093483,15483,donor3,batch1,SEACell-18,MoMac-like,15,gm_65h,230603.0,64207,319091.0,17447
gm65h_SEACell-17,VM_gm65h,548685.0,79094,2010.7182190875662,11967,donor3,batch1,SEACell-17,MacDC-like,34,gm_65h,274344.0,66942,370730.0,17616
m16h_b1_SEACell-18,VM_m16h,566991.0,75242,3098.8305786280644,15056,donor2,batch1,SEACell-18,Mono-like,98,m_16h,282114.0,63590,344435.0,17203
m16h_b1_SEACell-9,VM_m16h,328905.0,61372,3438.0824754654795,14005,donor2,batch1,SEACell-9,MacDC-like,25,m_16h,164053.0,52626,198225.0,16433
m16h_b1_SEACell-17,VM_m16h,509717.0,73708,3304.182097628067,15145,donor2,batch1,SEACell-17,MacDC-like,48,m_16h,253757.0,62776,301125.0,17014
m16h_b1_SEACell-26,VM_m16h,465306.0,68221,2983.988013466622,13543,donor2,batch1,SEACell-26,Mono-like,71,m_16h,231597.0,57867,283392.0,16970
m16h_b1_SEACell-33,VM_m16h,448850.0,64518,2578.9744487523735,12550,donor2,batch1,SEACell-33,Mono-like,65,m_16h,222616.0,53893,269112.0,16627
m16h_b1_SEACell-4,VM_m16h,760828.0,86968,3348.797461572871,15669,donor2,batch1,SEACell-4,MacDC-like,106,m_16h,378285.0,73868,443738.0,17439
m16h_b1_SEACell-35,VM_m16h,528494.0,73965,3187.1407633134486,14510,donor2,batch1,SEACell-35,MacDC-like,68,m_16h,263030.0,62908,309235.0,16972
m16h_b1_SEACell-12,VM_m16h,643986.0,79056,3132.015494614815,14551,donor2,batch1,SEACell-12,Mono-like,81,m_16h,320163.0,66808,380782.0,17270
m16h_b1_SEACell-8,VM_m16h,270233.0,53818,3299.5168444668016,13493,donor2,batch1,SEACell-8,Mono-like,45,m_16h,134870.0,46511,157874.0,15975
m16h_b1_SEACell-23,VM_m16h,557042.0,76616,2851.8701766074932,13931,donor2,batch1,SEACell-23,Mono-like,79,m_16h,275967.0,63465,370393.0,17594
m16h_b1_SEACell-14,VM_m16h,767644.0,87787,3111.463456030829,15318,donor2,batch1,SEACell-14,MacDC-like,124,m_16h,381103.0,73895,464207.0,17623
m16h_b1_SEACell-31,VM_m16h,422022.0,67034,3056.8181959640747,14212,donor2,batch1,SEACell-31,Mono-like,56,m_16h,210050.0,56954,248076.0,16689
m16h_b1_SEACell-32,VM_m16h,1155406.0,96964,2882.262150270191,15439,donor2,batch1,SEACell-32,Mono-like,178,m_16h,573995.0,80630,727113.0,18131
m16h_b1_SEACell-28,VM_m16h,525809.0,70801,2743.527716262442,12759,donor2,batch1,SEACell-28,Mono-like,74,m_16h,261140.0,59089,317355.0,16983
m16h_b1_SEACell-6,VM_m16h,552705.0,72924,3004.1293875575816,14183,donor2,batch1,SEACell-6,Mono-like,87,m_16h,274855.0,61583,328038.0,17054
m16h_b1_SEACell-34,VM_m16h,148204.0,37768,3006.61939386925,11666,donor2,batch1,SEACell-34,Mono-like,25,m_16h,73865.0,33088,85356.0,14489
m16h_b1_SEACell-16,VM_m16h,571336.0,74919,3030.3409677911304,14833,donor2,batch1,SEACell-16,Mono-like,78,m_16h,284519.0,63067,345846.0,17186
m16h_b1_SEACell-1,VM_m16h,367494.0,61415,2839.5429350979152,13054,donor2,batch1,SEACell-1,Mono-like,60,m_16h,182342.0,51700,225303.0,16588
m16h_b1_SEACell-36,VM_m16h,150258.0,38212,2842.9094769413914,11131,donor2,batch1,SEACell-36,Mono-like,25,m_16h,74828.0,33274,87792.0,14508
m16h_b1_SEACell-20,VM_m16h,467221.0,67386,2760.301120316154,12997,donor2,batch1,SEACell-20,Mono-like,63,m_16h,231990.0,56362,282114.0,16789
m16h_b1_SEACell-29,VM_m16h,340840.0,58199,2917.600528195441,12323,donor2,batch1,SEACell-29,Mono-like,49,m_16h,170056.0,49843,200951.0,16271
m16h_b1_SEACell-5,VM_m16h,785020.0,89054,2622.1962076569753,13506,donor2,batch1,SEACell-5,Mono-like,62,m_16h,388021.0,73145,521534.0,17916
m16h_b1_SEACell-25,VM_m16h,701452.0,88308,2852.3931725835196,13869,donor2,batch1,SEACell-25,MacDC-like,88,m_16h,345107.0,72734,460138.0,17715
m16h_b1_SEACell-13,VM_m16h,399007.0,63054,2566.4083061755914,12892,donor2,batch1,SEACell-13,Mono-like,83,m_16h,197738.0,52731,253656.0,16882
m16h_b1_SEACell-3,VM_m16h,327675.0,58107,2655.720049861733,11991,donor2,batch1,SEACell-3,Mono-like,41,m_16h,161990.0,48607,206266.0,16454
m16h_b1_SEACell-15,VM_m16h,262410.0,53778,2758.4871544774014,11819,donor2,batch1,SEACell-15,Mono-like,45,m_16h,129905.0,45083,177229.0,16517
m16h_b1_SEACell-30,VM_m16h,459773.0,65140,2529.6603602116156,11959,donor2,batch1,SEACell-30,Mono-like,72,m_16h,227620.0,53845,281844.0,16824
m16h_b1_SEACell-11,VM_m16h,210584.0,48722,2615.7739028778296,11351,donor2,batch1,SEACell-11,Mono-like,38,m_16h,104165.0,40888,153326.0,16358
m16h_b1_SEACell-19,VM_m16h,465916.0,66065,2619.3891563929506,12232,donor2,batch1,SEACell-19,Mono-like,72,m_16h,230753.0,54932,285363.0,16698
m16h_b1_SEACell-0,VM_m16h,775651.0,90079,2255.0147518602357,13264,donor2,batch1,SEACell-0,Mono-like,83,m_16h,383239.0,72948,575933.0,18170
m16h_b1_SEACell-10,VM_m16h,489698.0,73214,2560.7229773137046,12401,donor2,batch1,SEACell-10,Mono-like,65,m_16h,242679.0,59829,375707.0,17707
m16h_b1_SEACell-24,VM_m16h,317390.0,60178,1406.2606845742296,8437,donor2,batch1,SEACell-24,Mono-like,46,m_16h,156022.0,48837,251774.0,17190
m16h_b1_SEACell-21,VM_m16h,350141.0,58389,1994.7732872373742,8817,donor2,batch1,SEACell-21,Mono-like,52,m_16h,172231.0,47878,220728.0,16350
m16h_b1_SEACell-2,VM_m16h,409987.0,63700,1898.1209333038294,11112,donor2,batch1,SEACell-2,Mono-like,87,m_16h,202716.0,52501,278328.0,17171
m16h_b1_SEACell-22,VM_m16h,142303.0,35838,2020.3244462941402,8013,donor2,batch1,SEACell-22,Mono-like,23,m_16h,70083.0,30243,86450.0,14134
m16h_b1_SEACell-27,VM_m16h,363132.0,62182,2120.8118389878673,11541,donor2,batch1,SEACell-27,Mono-like,61,m_16h,179176.0,51183,261057.0,17245
m16h_b1_SEACell-7,VM_m16h,127208.0,34379,1577.1431514315623,8650,donor2,batch1,SEACell-7,Mono-like,27,m_16h,62665.0,29131,87681.0,14442
m16h_b2_SEACell-7,SK_m16h,158897.0,45445,2188.5884427265746,12340,donor4,Batch2,SEACell-7,MacDC-like,80,m_16h,76763.0,38255,105182.0,15909
m16h_b2_SEACell-13,SK_m16h,300536.0,63473,2210.457551142007,13527,donor4,Batch2,SEACell-13,Mono-like,77,m_16h,145154.0,51906,210051.0,17209
m16h_b2_SEACell-9,SK_m16h,202433.0,50085,1986.494103278143,13131,donor4,Batch2,SEACell-9,Mono-like,124,m_16h,97930.0,41669,146073.0,16730
m16h_b2_SEACell-22,SK_m16h,101461.0,33829,2119.7726657722387,11259,donor4,Batch2,SEACell-22,Mono-like,53,m_16h,48451.0,28002,76807.0,15262
m16h_b2_SEACell-3,SK_m16h,59656.0,22889,2185.5078217481064,10231,donor4,Batch2,SEACell-3,Mono-like,41,m_16h,28774.0,19534,43231.0,13238
m16h_b2_SEACell-4,SK_m16h,130071.0,38855,2058.29662807618,12488,donor4,Batch2,SEACell-4,Mono-like,94,m_16h,63087.0,32663,97233.0,15933
m16h_b2_SEACell-19,SK_m16h,97887.0,32555,2160.6246794355184,11835,donor4,Batch2,SEACell-19,Mono-like,81,m_16h,47255.0,27458,71910.0,15076
m16h_b2_SEACell-1,SK_m16h,218963.0,52483,1895.536435662787,12920,donor4,Batch2,SEACell-1,Mono-like,116,m_16h,105962.0,43442,152582.0,16722
m16h_b2_SEACell-20,SK_m16h,42991.0,15654,1649.749190788061,9315,donor4,Batch2,SEACell-20,Mono-like,55,m_16h,20678.0,13027,37588.0,12893
m16h_b2_SEACell-21,SK_m16h,58431.0,22563,1975.8848748242851,9274,donor4,Batch2,SEACell-21,Mono-like,37,m_16h,28251.0,19505,41183.0,13125
m16h_b2_SEACell-5,SK_m16h,239329.0,55596,1773.63153586667,12944,donor4,Batch2,SEACell-5,Mono-like,143,m_16h,114537.0,45077,181342.0,17143
m16h_b2_SEACell-6,SK_m16h,144580.0,41867,2001.6732806462062,11973,donor4,Batch2,SEACell-6,Mono-like,88,m_16h,69381.0,34427,108270.0,16155
m16h_b2_SEACell-17,SK_m16h,55060.0,21882,1962.1016714938426,8014,donor4,Batch2,SEACell-17,Mono-like,30,m_16h,26304.0,18596,41136.0,12912
m16h_b2_SEACell-11,SK_m16h,205320.0,51805,1731.5371230400872,12180,donor4,Batch2,SEACell-11,MacDC-like,83,m_16h,98899.0,42849,143478.0,16591
m16h_b2_SEACell-0,SK_m16h,172122.0,47124,1663.7960797611338,11780,donor4,Batch2,SEACell-0,Mono-like,99,m_16h,82414.0,38566,130282.0,16582
m16h_b2_SEACell-23,SK_m16h,35404.0,15610,1907.842652726296,7654,donor4,Batch2,SEACell-23,Mono-like,23,m_16h,17130.0,13557,25560.0,10747
m16h_b2_SEACell-24,SK_m16h,89765.0,30829,1909.155152086099,10359,donor4,Batch2,SEACell-24,Mono-like,45,m_16h,43051.0,25754,66394.0,14792
m16h_b2_SEACell-8,SK_m16h,179974.0,46554,1621.5465745130834,11563,donor4,Batch2,SEACell-8,Mono-like,109,m_16h,86970.0,38641,129375.0,16468
m16h_b2_SEACell-16,SK_m16h,41627.0,17479,1416.9859787205407,7351,donor4,Batch2,SEACell-16,Mono-like,26,m_16h,19916.0,15018,29242.0,11446
m16h_b2_SEACell-18,SK_m16h,10813.0,5312,1097.9310850946054,7480,donor4,Batch2,SEACell-18,Mono-like,27,m_16h,5147.0,4529,10274.0,6470
m16h_b2_SEACell-2,SK_m16h,145558.0,42870,1434.148014857033,10845,donor4,Batch2,SEACell-2,Mono-like,72,m_16h,69425.0,34994,110894.0,16226
m16h_b2_SEACell-10,SK_m16h,53350.0,21590,1273.1317942474632,8665,donor4,Batch2,SEACell-10,MacDC-like,29,m_16h,25547.0,18360,40032.0,12890
m16h_b2_SEACell-14,SK_m16h,5387.0,2723,989.9829304108739,3605,donor4,Batch2,SEACell-14,Mono-like,29,m_16h,2507.0,2276,6061.0,4482
m16h_b2_SEACell-25,SK_m16h,67402.0,24958,1281.261866629327,8251,donor4,Batch2,SEACell-25,Mono-like,46,m_16h,32321.0,21054,49967.0,13720
m16h_b2_SEACell-12,SK_m16h,31800.0,14361,1111.8400987846067,6966,donor4,Batch2,SEACell-12,Mono-like,21,m_16h,15091.0,12071,26541.0,11049
m16h_b2_SEACell-15,SK_m16h,74051.0,27152,1006.614495109123,7945,donor4,Batch2,SEACell-15,Mono-like,62,m_16h,35330.0,22610,57095.0,14321
m65h_SEACell-32,VM_m65h,1041621.0,102004,3408.185887893146,15667,donor3,batch1,SEACell-32,MacDC-like,94,m_65h,522856.0,87008,605326.0,17632
m65h_SEACell-10,VM_m65h,2296676.0,120308,3642.8236106085883,18979,donor3,batch1,SEACell-10,MacDC-like,251,m_65h,1157148.0,104674,1298662.0,18228
m65h_SEACell-22,VM_m65h,1302073.0,107054,3459.973996622614,16621,donor3,batch1,SEACell-22,MacDC-like,111,m_65h,656698.0,92180,757599.0,17906
m65h_SEACell-30,VM_m65h,855219.0,98601,3609.2057997154634,15501,donor3,batch1,SEACell-30,MacDC-like,46,m_65h,429923.0,84452,508071.0,17634
m65h_SEACell-11,VM_m65h,768821.0,84164,3728.7414586133705,17178,donor3,batch1,SEACell-11,MoMac-like,111,m_65h,389144.0,74163,414046.0,17013
m65h_SEACell-1,VM_m65h,372605.0,68652,3864.4701174820884,15097,donor3,batch1,SEACell-1,MacDC-like,29,m_65h,186707.0,59061,218775.0,16628
m65h_SEACell-4,VM_m65h,357014.0,65261,2844.021046535296,11145,donor3,batch1,SEACell-4,MacDC-like,35,m_65h,179995.0,56032,203745.0,16256
m65h_SEACell-25,VM_m65h,1486875.0,111476,3540.478865496915,16362,donor3,batch1,SEACell-25,MacDC-like,93,m_65h,750478.0,95906,870709.0,17990
m65h_SEACell-12,VM_m65h,1145145.0,100666,3122.0951264890873,17261,donor3,batch1,SEACell-12,MacDC-like,97,m_65h,579287.0,86059,669762.0,17778
m65h_SEACell-9,VM_m65h,1033492.0,99295,3638.730215437813,16804,donor3,batch1,SEACell-9,MacDC-like,109,m_65h,521971.0,85457,598874.0,17702
m65h_SEACell-0,VM_m65h,467982.0,73523,3718.0853117743227,15240,donor3,batch1,SEACell-0,MacDC-like,47,m_65h,236492.0,63268,271711.0,16694
m65h_SEACell-34,VM_m65h,1004952.0,100216,3711.0372723857718,16699,donor3,batch1,SEACell-34,MacDC-like,74,m_65h,508194.0,85580,594474.0,17747
m65h_SEACell-20,VM_m65h,606041.0,80009,3669.8309364586507,15496,donor3,batch1,SEACell-20,MoMac-like,64,m_65h,307300.0,69476,342606.0,16948
m65h_SEACell-29,VM_m65h,1071579.0,103477,3875.039424749272,15945,donor3,batch1,SEACell-29,MacDC-like,69,m_65h,541882.0,88524,647565.0,17837
m65h_SEACell-5,VM_m65h,1078261.0,102114,3571.939660371137,16093,donor3,batch1,SEACell-5,Mono-like,46,m_65h,545345.0,87737,629532.0,17731
m65h_SEACell-13,VM_m65h,610184.0,80269,3704.357409829581,15756,donor3,batch1,SEACell-13,MoMac-like,65,m_65h,311223.0,69919,346409.0,16961
m65h_SEACell-6,VM_m65h,1038645.0,102043,3683.355281268671,16816,donor3,batch1,SEACell-6,MacDC-like,77,m_65h,523193.0,87512,614457.0,17762
m65h_SEACell-3,VM_m65h,1473210.0,109140,3613.292128242285,16517,donor3,batch1,SEACell-3,MoMac-like,99,m_65h,746692.0,93713,861932.0,18030
m65h_SEACell-24,VM_m65h,439987.0,66319,3635.4448718432805,15146,donor3,batch1,SEACell-24,MoMac-like,52,m_65h,223419.0,59080,237944.0,16318
m65h_SEACell-28,VM_m65h,888770.0,92738,3606.306740903967,16176,donor3,batch1,SEACell-28,MoMac-like,69,m_65h,450277.0,79936,508424.0,17437
m65h_SEACell-18,VM_m65h,590256.0,80421,3741.729395971392,15004,donor3,batch1,SEACell-18,MoMac-like,46,m_65h,299147.0,68994,340050.0,17071
m65h_SEACell-38,VM_m65h,219048.0,53193,3571.1171547181893,13416,donor3,batch1,SEACell-38,Mono-like,11,m_65h,111037.0,46690,128844.0,15760
m65h_SEACell-26,VM_m65h,762926.0,88826,3413.4912012566097,14901,donor3,batch1,SEACell-26,Mono-like,62,m_65h,386441.0,76996,447095.0,17469
m65h_SEACell-35,VM_m65h,370992.0,68684,3277.420352541717,13376,donor3,batch1,SEACell-35,MacDC-like,21,m_65h,189073.0,58644,226666.0,16693
m65h_SEACell-27,VM_m65h,1136978.0,102270,3578.05314723915,15447,donor3,batch1,SEACell-27,MoMac-like,70,m_65h,575890.0,87783,663753.0,17816
m65h_SEACell-37,VM_m65h,497218.0,74982,2985.681848933221,13859,donor3,batch1,SEACell-37,MacDC-like,23,m_65h,251312.0,64492,289371.0,16832
m65h_SEACell-15,VM_m65h,804704.0,88942,3549.8323716048785,14947,donor3,batch1,SEACell-15,MoMac-like,72,m_65h,409083.0,76992,458363.0,17305
m65h_SEACell-31,VM_m65h,459754.0,73663,3248.7366886125146,14513,donor3,batch1,SEACell-31,MacDC-like,35,m_65h,231939.0,63970,263887.0,16770
m65h_SEACell-8,VM_m65h,1452026.0,105548,3347.008820279878,16139,donor3,batch1,SEACell-8,MoMac-like,94,m_65h,739926.0,90402,852338.0,17944
m65h_SEACell-2,VM_m65h,1158406.0,99660,3384.2767239968593,15300,donor3,batch1,SEACell-2,MoMac-like,69,m_65h,590268.0,85431,673558.0,17712
m65h_SEACell-21,VM_m65h,601028.0,80406,3020.902699122161,13816,donor3,batch1,SEACell-21,MoMac-like,47,m_65h,305316.0,68823,353767.0,17117
m65h_SEACell-17,VM_m65h,1395187.0,106139,3496.2056217499958,16163,donor3,batch1,SEACell-17,MoMac-like,101,m_65h,707196.0,90973,807481.0,17929
m65h_SEACell-7,VM_m65h,573519.0,77230,1604.2714649217648,13422,donor3,batch1,SEACell-7,MoMac-like,33,m_65h,289914.0,65451,345374.0,17210
m65h_SEACell-39,VM_m65h,295998.0,54691,2276.9906389115786,9515,donor3,batch1,SEACell-39,MoMac-like,20,m_65h,149910.0,46815,174944.0,16064
m65h_SEACell-16,VM_m65h,629948.0,80608,2607.6933816507935,12649,donor3,batch1,SEACell-16,MacDC-like,41,m_65h,318977.0,68714,372164.0,17225
m65h_SEACell-23,VM_m65h,330175.0,61314,2806.22778972311,11579,donor3,batch1,SEACell-23,Mono-like,27,m_65h,167221.0,53293,202772.0,16462
m65h_SEACell-36,VM_m65h,293730.0,55984,2811.1877321891543,12469,donor3,batch1,SEACell-36,MoMac-like,22,m_65h,149712.0,48389,171835.0,15970
m65h_SEACell-19,VM_m65h,564832.0,77993,2593.4448013527312,11743,donor3,batch1,SEACell-19,MoMac-like,23,m_65h,286985.0,66490,336001.0,17130
m65h_SEACell-14,VM_m65h,499451.0,75518,2097.9185249045468,12110,donor3,batch1,SEACell-14,MoMac-like,31,m_65h,253374.0,64291,299702.0,16959
m65h_SEACell-33,VM_m65h,665107.0,83398,1864.4397088424653,11662,donor3,batch1,SEACell-33,MacDC-like,39,m_65h,335932.0,71095,388307.0,17266
